{"roomDesignData":{"name":"Room 7","ftHeight":26.5,"vertices":[-100.0,100.0,0.0,0.0,100.0,0.0,100.0,100.0,0.0,200.0,100.0,0.0,-100.0,0.0,0.0,0.0,0.0,0.0,100.0,0.0,0.0,200.0,0.0,0.0],"backgroundImage":"room7.jpg","leftWallVal":[0.3090167,0.0,-0.9510569,0.0,0.0,0.85,0.0,0.0,0.9510569,0.0,0.3090167,0.0,-31.0,15.0,0.0,1.0],"backWallVal":[1.7500002,0.0,0.0,0.0,0.0,0.85,0.0,0.0,0.0,0.0,1.0,0.0,-31.0,15.0,0.0,1.0],"rightWallVal":[0.06976865,0.0,0.99756354,0.0,0.0,0.85,0.0,0.0,-0.99756354,0.0,0.06976865,0.0,137.02312,15.0,-99.75635,1.0]},"objects":[]}