{"roomDesignData":{"name":"Room 5","ftHeight":29,"vertices":[-100.0,100.0,0.0,0.0,100.0,0.0,100.0,100.0,0.0,200.0,100.0,0.0,-100.0,0.0,0.0,0.0,0.0,0.0,100.0,0.0,0.0,200.0,0.0,0.0],"backgroundImage":"room5.jpg","leftWallVal":[-3.3639371E-6,0.0,-1.0000005,0.0,0.0,0.40000033,0.0,0.0,1.0000005,0.0,-3.3639371E-6,0.0,11.0,33.0,0.0,1.0],"backWallVal":[0.6900002,0.0,0.0,0.0,0.0,0.40000033,0.0,0.0,0.0,0.0,1.0,0.0,11.0,33.0,0.0,1.0],"rightWallVal":[4.5061097E-5,0.0,0.99999964,0.0,-0.0,0.40000033,0.0,0.0,-0.99999964,-0.0,4.5061097E-5,0.0,79.9955,33.0,-100.00002,1.0]},"objects":[]}