{"roomDesignData":{"name":"Room 2","ftHeight":35,"vertices":[-100.0,100.0,0.0,0.0,100.0,0.0,100.0,100.0,0.0,200.0,100.0,0.0,-100.0,0.0,0.0,0.0,0.0,0.0,100.0,0.0,0.0,200.0,0.0,0.0],"backgroundImage":"room2.jpg","leftWallVal":[0.01744846,0.0,-0.99984837,0.0,0.0,0.6000003,0.0,0.0,0.99984837,0.0,0.01744846,0.0,-16.0,16.0,0.0,1.0],"backWallVal":[1.3199999,0.0,0.0,0.0,0.0,0.6000003,0.0,0.0,0.0,0.0,1.0,0.0,-16.0,16.0,0.0,1.0],"rightWallVal":[1.4437363E-5,0.0,1.0000001,0.0,0.0,0.6000003,0.0,0.0,-1.0000001,0.0,1.4437363E-5,0.0,115.99854,16.0,-100.00001,1.0]},"objects":[]}