{"roomDesignData":{"name":"Room 1","vertices":[-100.0,100.0,0.0,0.0,100.0,0.0,100.0,100.0,0.0,200.0,100.0,0.0,-100.0,0.0,0.0,0.0,0.0,0.0,100.0,0.0,0.0,200.0,0.0,0.0],"backgroundImage":"room1.jpg","leftWallVal":[0.017449591,0.0,-0.9998481,0.0,0.0,0.5700003,0.0,0.0,0.9998481,0.0,0.017449591,0.0,-5.0,32.0,0.0,1.0],"backWallVal":[1.0400003,0.0,0.0,0.0,0.0,0.5700003,0.0,0.0,0.0,0.0,1.0,0.0,-5.0,32.0,0.0,1.0],"rightWallVal":[1.4403835E-5,0.0,1.0000004,0.0,0.0,0.5700003,0.0,0.0,-1.0000004,0.0,1.4403835E-5,0.0,98.99854,32.0,-100.00003,1.0]},"objects":[]}