{"roomDesignData":{"name":"Room 4","vertices":[-100.0,100.0,0.0,0.0,100.0,0.0,100.0,100.0,0.0,200.0,100.0,0.0,-100.0,0.0,0.0,0.0,0.0,0.0,100.0,0.0,0.0,200.0,0.0,0.0],"backgroundImage":"room4.jpg","leftWallVal":[0.017443806,0.0,-0.99984854,0.0,0.0,0.77,0.0,0.0,0.99984854,0.0,0.017443806,0.0,-3.0,14.999998,0.0,1.0],"backWallVal":[1.0600002,0.0,0.0,0.0,0.0,0.77,0.0,0.0,0.0,0.0,1.0,0.0,-3.0,15.0,0.0,1.0],"rightWallVal":[0.017468186,0.0,0.99984765,0.0,0.0,0.77,0.0,0.0,-0.99984765,0.0,0.017468186,0.0,101.25317,14.999998,-99.98476,1.0]},"objects":[]}