{"roomDesignData":{"name":"Room 3","ftHeight":28.5,"vertices":[-100.0,100.0,0.0,0.0,100.0,0.0,100.0,100.0,0.0,200.0,100.0,0.0,-100.0,0.0,0.0,0.0,0.0,0.0,100.0,0.0,0.0,200.0,0.0,0.0],"backgroundImage":"room3.jpg","leftWallVal":[0.052327268,0.0,-0.99863106,0.0,0.0,0.66000026,0.0,0.0,0.99863106,0.0,0.052327268,0.0,-32.0,27.999998,0.0,1.0],"backWallVal":[1.7600001,0.0,0.0,0.0,0.0,0.66000026,0.0,0.0,0.0,0.0,1.0,0.0,-32.0,28.0,0.0,1.0],"rightWallVal":[0.03491142,0.0,0.99939066,0.0,0.0,0.66000026,0.0,0.0,-0.99939066,0.0,0.03491142,0.0,140.50885,27.999998,-99.93906,1.0]},"objects":[]}