{"roomDesignData":{"name":"Room 8","vertices":[-100.0,100.0,0.0,0.0,100.0,0.0,100.0,100.0,0.0,200.0,100.0,0.0,-100.0,0.0,0.0,0.0,0.0,0.0,100.0,0.0,0.0,200.0,0.0,0.0],"backgroundImage":"room8.jpg","leftWallVal":[0.069756135,0.0,-0.99756444,0.0,0.0,0.5400004,0.0,0.0,0.99756444,0.0,0.069756135,0.0,11.0,26.0,0.0,1.0],"backWallVal":[1.0200003,0.0,0.0,0.0,0.0,0.5400004,0.0,0.0,0.0,0.0,1.0,0.0,11.0,26.0,0.0,1.0],"rightWallVal":[1.4683232E-5,0.0,1.0000002,0.0,0.0,0.5400004,0.0,0.0,-1.0000002,0.0,1.4683232E-5,0.0,112.99852,26.0,-100.000015,1.0]},"objects":[]}