{"roomDesignData":{"name":"Room 9","ftHeight":33,"vertices":[-100.0,100.0,0.0,0.0,100.0,0.0,100.0,100.0,0.0,200.0,100.0,0.0,-100.0,0.0,0.0,0.0,0.0,0.0,100.0,0.0,0.0,200.0,0.0,0.0],"backgroundImage":"room9.jpg","leftWallVal":[0.017440744,0.0,-0.9998486,0.0,0.0,0.61000025,0.0,0.0,0.9998486,0.0,0.017440744,0.0,-30.0,29.000002,0.0,1.0],"backWallVal":[1.3,0.0,0.0,0.0,0.0,0.61000025,0.0,0.0,0.0,0.0,1.0,0.0,-30.0,29.0,0.0,1.0],"rightWallVal":[0.15644647,0.0,0.98768675,0.0,0.0,0.61000025,0.0,0.0,-0.98768675,0.0,0.15644647,0.0,84.355354,29.000002,-98.76868,1.0]},"objects":[]}