{"roomDesignData":{"name":"Room 6","vertices":[-100.0,100.0,0.0,0.0,100.0,0.0,100.0,100.0,0.0,200.0,100.0,0.0,-100.0,0.0,0.0,0.0,0.0,0.0,100.0,0.0,0.0,200.0,0.0,0.0],"backgroundImage":"room6.jpg","leftWallVal":[0.052334875,0.0,-0.9986301,0.0,0.0,0.6300003,0.0,0.0,0.9986301,0.0,0.052334875,0.0,-21.0,22.999998,0.0,1.0],"backWallVal":[1.39,0.0,0.0,0.0,0.0,0.6300003,0.0,0.0,0.0,0.0,1.0,0.0,-21.0,23.0,0.0,1.0],"rightWallVal":[0.017467046,0.0,0.9998476,0.0,0.0,0.6300003,0.0,0.0,-0.9998476,0.0,0.017467046,0.0,116.25328,22.999998,-99.98475,1.0]},"objects":[]}